Name;;Rating;;Availability;;Price 
The Bridge to Consciousness: I'm Writing the Bridge Between Science and Our Old and New Beliefs.;;Three;;In stock;;£32.00 
The Artist's Way: A Spiritual Path to Higher Creativity;;Five;;In stock;;£38.49 
The Art of War;;Five;;In stock;;£33.34 
The Argonauts;;Two;;In stock;;£10.93 
The 10% Entrepreneur: Live Your Startup Dream Without Quitting Your Day Job;;Three;;In stock;;£27.55 
Suddenly in Love (Lake Haven #1);;Two;;In stock;;£55.99 
Something More Than This;;Four;;In stock;;£16.24 
Soft Apocalypse;;Two;;In stock;;£26.12 
So You've Been Publicly Shamed;;Two;;In stock;;£12.23 
Shoe Dog: A Memoir by the Creator of NIKE;;Two;;In stock;;£23.99 
Shobu Samurai, Project Aryoku (#3);;Three;;In stock;;£29.06 
Secrets and Lace (Fatal Hearts #1);;One;;In stock;;£20.27 
Scarlett Epstein Hates It Here;;Five;;In stock;;£43.55 
Romero and Juliet: A Tragic Tale of Love and Zombies;;One;;In stock;;£36.94 
Redeeming Love;;Five;;In stock;;£20.47 
Poses for Artists Volume 1 - Dynamic and Sitting Poses: An Essential Reference for Figure Drawing and the Human Form;;One;;In stock;;£41.06 
Poems That Make Grown Women Cry;;Four;;In stock;;£14.19 
Nightingale, Sing;;One;;In stock;;£38.28 
Night Sky with Exit Wounds;;One;;In stock;;£41.05 
Mrs. Houdini;;Five;;In stock;;£30.25 
Hide Away (Eve Duncan #20);;One;;In stock;;£11.84 
Furiously Happy: A Funny Book About Horrible Things;;Four;;In stock;;£41.46 
Everyday Italian: 125 Simple and Delicious Recipes;;Five;;In stock;;£20.10 
Equal Is Unfair: America's Misguided Fight Against Income Inequality;;One;;In stock;;£56.86 
Eleanor & Park;;Five;;In stock;;£56.51 
Dirty (Dive Bar #1);;Four;;In stock;;£40.83 
Can You Keep a Secret? (Fear Street Relaunch #4);;One;;In stock;;£48.64 
Boar Island (Anna Pigeon #19);;Three;;In stock;;£59.48 
A Paris Apartment;;Four;;In stock;;£39.01 
A la Mode: 120 Recipes in 60 Pairings: Pies, Tarts, Cakes, Crisps, and More Topped with Ice Cream, Gelato, Frozen Custard, and More;;One;;In stock;;£38.77 
Troublemaker: Surviving Hollywood and Scientology;;Two;;In stock;;£48.39 
The Widow;;Two;;In stock;;£27.26 
The Sleep Revolution: Transforming Your Life, One Night at a Time;;Four;;In stock;;£11.68 
The Improbability of Love;;One;;In stock;;£59.45 
The Art of Startup Fundraising;;Three;;In stock;;£21.00 
Take Me Home Tonight (Rock Star Romance #3);;Three;;In stock;;£53.98 
Sleeping Giants (Themis Files #1);;One;;In stock;;£48.74 
Setting the World on Fire: The Brief, Astonishing Life of St. Catherine of Siena;;Two;;In stock;;£21.15 
Playing with Fire;;Three;;In stock;;£13.71 
Off the Hook (Fishing for Trouble #1);;Three;;In stock;;£47.67 
Immunity: How Elie Metchnikoff Changed the Course of Modern Medicine;;Five;;In stock;;£57.36 
I Hate Fairyland, Vol. 1: Madly Ever After (I Hate Fairyland (Compilations) #1-5);;Two;;In stock;;£29.17 
I am a Hero Omnibus Volume 1;;Three;;In stock;;£54.63 
How to Be Miserable: 40 Strategies You Already Use;;One;;In stock;;£46.03 
Her Backup Boyfriend (The Sorensen Family #1);;One;;In stock;;£33.97 
Giant Days, Vol. 2 (Giant Days #5-8);;Two;;In stock;;£22.11 
Forever and Forever: The Courtship of Henry Longfellow and Fanny Appleton;;Three;;In stock;;£29.69 
First and First (Five Boroughs #3);;Four;;In stock;;£15.97 
Fifty Shades Darker (Fifty Shades #2);;One;;In stock;;£21.96 
Everydata: The Misinformation Hidden in the Little Data You Consume Every Day;;Two;;In stock;;£54.35 
Don't Be a Jerk: And Other Practical Advice from Dogen, Japan's Greatest Zen Master;;Two;;In stock;;£37.97 
Danganronpa Volume 1;;Four;;In stock;;£51.99 
Crown of Midnight (Throne of Glass #2);;Three;;In stock;;£43.29 
Codename Baboushka, Volume 1: The Conclave of Death;;Four;;In stock;;£36.72 
Camp Midnight;;Four;;In stock;;£17.08 
Call the Nurse: True Stories of a Country Nurse on a Scottish Isle;;Five;;In stock;;£29.14 
Burning;;Three;;In stock;;£28.81 
Bossypants;;Two;;In stock;;£49.46 
Bitch Planet, Vol. 1: Extraordinary Machine (Bitch Planet (Collected Editions));;Two;;In stock;;£37.92 
Avatar: The Last Airbender: Smoke and Shadow, Part 3 (Smoke and Shadow #3);;Two;;In stock;;£28.09 
Hold Your Breath (Search and Rescue #1);;One;;In stock;;£28.82 
Hamilton: The Revolution;;Three;;In stock;;£58.79 
Greek Mythic History;;Five;;In stock;;£10.23 
God: The Most Unpleasant Character in All Fiction;;Five;;In stock;;£30.03 
Glory over Everything: Beyond The Kitchen House;;Three;;In stock;;£45.84 
Feathers: Displays of Brilliant Plumage;;Three;;In stock;;£49.05 
Far & Away: Places on the Brink of Change: Seven Continents, Twenty-Five Years;;Four;;In stock;;£15.06 
Every Last Word;;Three;;In stock;;£46.47 
Eligible (The Austen Project #4);;Three;;In stock;;£27.09 
El Deafo;;Five;;In stock;;£57.62 
Eight Hundred Grapes;;Four;;In stock;;£14.39 
Eaternity: More than 150 Deliciously Easy Vegan Recipes for a Long, Healthy, Satisfied, Joyful Life;;Five;;In stock;;£51.75 
Eat Fat, Get Thin;;Two;;In stock;;£54.07 
Don't Get Caught;;One;;In stock;;£55.35 
Doctor Sleep (The Shining #2);;Two;;In stock;;£40.12 
Demigods & Magicians: Percy and Annabeth Meet the Kanes (Percy Jackson & Kane Chronicles Crossover #1-3);;Five;;In stock;;£37.51 
Dear Mr. Knightley;;Five;;In stock;;£11.21 
Daily Fantasy Sports;;One;;In stock;;£36.58 
Crazy Love: Overwhelmed by a Relentless God;;Two;;In stock;;£47.72 
Cometh the Hour (The Clifton Chronicles #6);;Three;;In stock;;£25.01 
My Name Is Lucy Barton;;One;;In stock;;£41.56 
My Mrs. Brown;;Three;;In stock;;£24.48 
My Kind of Crazy;;One;;In stock;;£40.36 
Mr. Mercedes (Bill Hodges Trilogy #1);;One;;In stock;;£28.90 
More Than Music (Chasing the Dream #1);;Two;;In stock;;£37.61 
Made to Stick: Why Some Ideas Survive and Others Die;;Five;;In stock;;£38.85 
Luis Paints the World;;Three;;In stock;;£53.95 
Luckiest Girl Alive;;Three;;In stock;;£49.83 
Lowriders to the Center of the Earth (Lowriders in Space #2);;Two;;In stock;;£51.51 
Love Is a Mix Tape (Music #1);;One;;In stock;;£18.03 
Looking for Lovely: Collecting the Moments that Matter;;Five;;In stock;;£29.14 
Living Leadership by Insight: A Good Leader Achieves, a Great Leader Builds Monuments;;Four;;In stock;;£46.91 
Let It Out: A Journey Through Journaling;;Five;;In stock;;£26.79 
Lady Midnight (The Dark Artifices #1);;Five;;In stock;;£16.28 
It's All Easy: Healthy, Delicious Weeknight Meals in under 30 Minutes;;One;;In stock;;£19.55 
Island of Dragons (Unwanteds #7);;One;;In stock;;£29.65 
I Know What I'm Doing -- and Other Lies I Tell Myself: Dispatches from a Life Under Construction;;Four;;In stock;;£25.98 
I Am Pilgrim (Pilgrim #1);;Four;;In stock;;£10.60 
Hyperbole and a Half: Unfortunate Situations, Flawed Coping Mechanisms, Mayhem, and Other Things That Happened;;Five;;In stock;;£14.75 
Hush, Hush (Hush, Hush #1);;Three;;In stock;;£47.02 
All the Light We Cannot See;;Five;;In stock;;£29.87 
Adulthood Is a Myth: A "Sarah's Scribbles" Collection;;Two;;In stock;;£10.90 
Abstract City;;Five;;In stock;;£56.37 
A Time of Torment (Charlie Parker #14);;Five;;In stock;;£48.35 
A Study in Scarlet (Sherlock Holmes #1);;Two;;In stock;;£16.73 
A Series of Catastrophes and Miracles: A True Story of Love, Science, and Cancer;;Two;;In stock;;£56.48 
A People's History of the United States;;Two;;In stock;;£40.79 
A Man Called Ove;;One;;In stock;;£39.72 
A Distant Mirror: The Calamitous 14th Century;;Three;;In stock;;£14.58 
A Brush of Wings (Angels Walking #3);;One;;In stock;;£55.51 
1491: New Revelations of the Americas Before Columbus;;Three;;In stock;;£21.80 
The Three Searches, Meaning, and the Story;;Three;;In stock;;£13.33 
Searching for Meaning in Gailana;;One;;In stock;;£38.73 
Rook;;Four;;In stock;;£37.86 
My Kitchen Year: 136 Recipes That Saved My Life;;Two;;In stock;;£11.53 
13 Hours: The Inside Account of What Really Happened In Benghazi;;One;;In stock;;£27.06 
Will You Won't You Want Me?;;Three;;In stock;;£13.86 
Tipping Point for Planet Earth: How Close Are We to the Edge?;;One;;In stock;;£37.55 
The Star-Touched Queen;;Five;;In stock;;£32.30 
The Silent Sister (Riley MacPherson #1);;Five;;In stock;;£46.29 
Code Name Verity (Code Name Verity #1);;Four;;In stock;;£22.13 
Clockwork Angel (The Infernal Devices #1);;One;;In stock;;£44.14 
City of Glass (The Mortal Instruments #3);;Four;;In stock;;£56.02 
City of Fallen Angels (The Mortal Instruments #4);;Four;;In stock;;£11.23 
City of Bones (The Mortal Instruments #1);;One;;In stock;;£43.28 
City of Ashes (The Mortal Instruments #2);;One;;In stock;;£47.27 
Cell;;Four;;In stock;;£20.29 
Catching Jordan (Hundred Oaks);;Three;;In stock;;£50.83 
Carry On, Warrior: Thoughts on Life Unarmed;;Three;;In stock;;£31.85 
Carrie;;Two;;In stock;;£46.23 
Buying In: The Secret Dialogue Between What We Buy and Who We Are;;Four;;In stock;;£37.80 
Brain on Fire: My Month of Madness;;Five;;In stock;;£49.32 
Batman: Europa;;Two;;In stock;;£32.01 
Barefoot Contessa Back to Basics;;One;;In stock;;£28.01 
Barefoot Contessa at Home: Everyday Recipes You'll Make Over and Over Again;;Five;;In stock;;£50.62 
Balloon Animals;;Three;;In stock;;£17.03 
Art Ops Vol. 1;;Three;;In stock;;£48.80 
Aristotle and Dante Discover the Secrets of the Universe (Aristotle and Dante Discover the Secrets of the Universe #1);;Four;;In stock;;£58.14 
Angels Walking (Angels Walking #1);;Two;;In stock;;£34.20 
Angels & Demons (Robert Langdon #1);;Three;;In stock;;£51.48 
The Shadow Hero (The Shadow Hero);;One;;In stock;;£33.14 
The Secret (The Secret #1);;Four;;In stock;;£27.37 
The Regional Office Is Under Attack!;;Five;;In stock;;£51.36 
The Psychopath Test: A Journey Through the Madness Industry;;Two;;In stock;;£36.00 
The Project;;One;;In stock;;£10.65 
The Power of Now: A Guide to Spiritual Enlightenment;;Two;;In stock;;£43.54 
The Omnivore's Dilemma: A Natural History of Four Meals;;Two;;In stock;;£38.21 
The Nerdy Nummies Cookbook: Sweet Treats for the Geek in All of Us;;Five;;In stock;;£37.34 
The Murder of Roger Ackroyd (Hercule Poirot #4);;Four;;In stock;;£44.10 
The Mistake (Off-Campus #2);;Three;;In stock;;£43.29 
The Matchmaker's Playbook (Wingmen Inc. #1);;One;;In stock;;£55.85 
The Love and Lemons Cookbook: An Apple-to-Zucchini Celebration of Impromptu Cooking;;Two;;In stock;;£37.60 
The Long Shadow of Small Ghosts: Murder and Memory in an American City;;One;;In stock;;£10.97 
The Kite Runner;;Four;;In stock;;£41.82 
The House by the Lake;;One;;In stock;;£36.95 
The Glittering Court (The Glittering Court #1);;One;;In stock;;£44.28 
The Girl on the Train;;Two;;In stock;;£55.02 
The Genius of Birds;;One;;In stock;;£17.24 
The Emerald Mystery;;Two;;In stock;;£23.15 
The Cookies & Cups Cookbook: 125+ sweet & savory recipes reminding you to Always Eat Dessert First;;One;;In stock;;£41.25 
Nightstruck: A Novel;;Four;;In stock;;£50.35 
Naturally Lean: 125 Nourishing Gluten-Free, Plant-Based Recipes--All Under 300 Calories;;Five;;In stock;;£11.38 
Meternity;;Three;;In stock;;£43.58 
Memoirs of a Geisha;;Three;;In stock;;£49.67 
Like Never Before (Walker Family #2);;Two;;In stock;;£28.77 
Life of Pi;;Four;;In stock;;£13.22 
Leave This Song Behind: Teen Poetry at Its Best;;Five;;In stock;;£51.17 
King's Folly (The Kinsman Chronicles #1);;Five;;In stock;;£39.61 
John Adams;;Four;;In stock;;£57.43 
How to Cook Everything Vegetarian: Simple Meatless Recipes for Great Food (How to Cook Everything);;Four;;In stock;;£46.01 
How to Be a Domestic Goddess: Baking and the Art of Comfort Cooking;;Two;;In stock;;£28.25 
Good in Bed (Cannie Shapiro #1);;Five;;In stock;;£37.05 
Fruits Basket, Vol. 7 (Fruits Basket #7);;One;;In stock;;£19.57 
For the Love: Fighting for Grace in a World of Impossible Standards;;Three;;In stock;;£45.13 
Finding God in the Ruins: How God Redeems Pain;;Two;;In stock;;£46.64 
Every Heart a Doorway (Every Heart A Doorway #1);;Five;;In stock;;£12.16 
Delivering the Truth (Quaker Midwife Mystery #1);;Four;;In stock;;£20.89 
Counted With the Stars (Out from Egypt #1);;Five;;In stock;;£17.97 
Chronicles, Vol. 1;;Two;;In stock;;£52.60 
Blue Like Jazz: Nonreligious Thoughts on Christian Spirituality;;One;;In stock;;£25.77 
The Nameless City (The Nameless City #1);;Four;;In stock;;£38.16 
The Murder That Never Was (Forensic Instincts #5);;Three;;In stock;;£54.11 
The Most Perfect Thing: Inside (and Outside) a Bird's Egg;;Four;;In stock;;£42.96 
The Mindfulness and Acceptance Workbook for Anxiety: A Guide to Breaking Free from Anxiety, Phobias, and Worry Using Acceptance and Commitment Therapy;;Four;;In stock;;£23.89 
The Life-Changing Magic of Tidying Up: The Japanese Art of Decluttering and Organizing;;Three;;In stock;;£16.77 
The Inefficiency Assassin: Time Management Tactics for Working Smarter, Not Longer;;Five;;In stock;;£20.59 
The Gutsy Girl: Escapades for Your Life of Epic Adventure;;One;;In stock;;£37.13 
The Electric Pencil: Drawings from Inside State Hospital No. 3;;One;;In stock;;£56.06 
The Death of Humanity: and the Case for Life;;Four;;In stock;;£58.11 
The Bulletproof Diet: Lose up to a Pound a Day, Reclaim Energy and Focus, Upgrade Your Life;;Three;;In stock;;£49.05 
The Art Forger;;Three;;In stock;;£40.76 
The Age of Genius: The Seventeenth Century and the Birth of the Modern Mind;;One;;In stock;;£19.73 
The Activist's Tao Te Ching: Ancient Advice for a Modern Revolution;;Five;;In stock;;£32.24 
Spark Joy: An Illustrated Master Class on the Art of Organizing and Tidying Up;;Four;;In stock;;£41.83 
Soul Reader;;Two;;In stock;;£39.58 
Security;;Two;;In stock;;£39.25 
Saga, Volume 6 (Saga (Collected Editions) #6);;Three;;In stock;;£25.02 
Saga, Volume 5 (Saga (Collected Editions) #5);;Two;;In stock;;£51.04 
Reskilling America: Learning to Labor in the Twenty-First Century;;Two;;In stock;;£19.83 
Rat Queens, Vol. 3: Demons (Rat Queens (Collected Editions) #11-15);;Three;;In stock;;£50.40 
Isla and the Happily Ever After (Anna and the French Kiss #3);;Five;;In stock;;£48.13 
If I Stay (If I Stay #1);;Five;;In stock;;£38.13 
I Know Why the Caged Bird Sings (Maya Angelou's Autobiography #1);;Two;;In stock;;£36.55 
Harry Potter and the Deathly Hallows (Harry Potter #7);;One;;In stock;;£23.32 
Fruits Basket, Vol. 5 (Fruits Basket #5);;One;;In stock;;£16.33 
Foundation (Foundation (Publication Order) #1);;One;;In stock;;£32.42 
Fool Me Once;;One;;In stock;;£16.96 
Find Her (Detective D.D. Warren #8);;One;;In stock;;£22.37 
Evicted: Poverty and Profit in the American City;;One;;In stock;;£42.27 
Drama;;Two;;In stock;;£38.70 
Dracula the Un-Dead;;Five;;In stock;;£35.63 
Digital Fortress;;Five;;In stock;;£58.00 
Death Note, Vol. 5: Whiteout (Death Note #5);;One;;In stock;;£52.41 
Data, A Love Story: How I Gamed Online Dating to Meet My Match;;Three;;In stock;;£32.35 
Critique of Pure Reason;;One;;In stock;;£20.75 
Booked;;Five;;In stock;;£17.49 
Blue Lily, Lily Blue (The Raven Cycle #3);;Five;;In stock;;£34.13 
Approval Junkie: Adventures in Caring Too Much;;Five;;In stock;;£58.81 
An Abundance of Katherines;;Five;;In stock;;£10.00 
America's War for the Greater Middle East: A Military History;;Two;;In stock;;£51.22 
Chernobyl 01:23:40: The Incredible True Story of the World's Worst Nuclear Disaster;;Two;;In stock;;£35.92 
Art and Fear: Observations on the Perils (and Rewards) of Artmaking;;Four;;In stock;;£48.63 
A Shard of Ice (The Black Symphony Saga #1);;Three;;In stock;;£56.63 
A Hero's Curse (The Unseen Chronicles #1);;Three;;In stock;;£50.49 
23 Degrees South: A Tropical Tale of Changing Whether...;;Two;;In stock;;£35.79 
Zero to One: Notes on Startups, or How to Build the Future;;Three;;In stock;;£34.06 
Why Not Me?;;One;;In stock;;£17.76 
When Breath Becomes Air;;Two;;In stock;;£39.36 
Vagabonding: An Uncommon Guide to the Art of Long-Term World Travel;;Two;;In stock;;£36.94 
The Unlikely Pilgrimage of Harold Fry (Harold Fry #1);;Five;;In stock;;£43.62 
The New Drawing on the Right Side of the Brain;;Three;;In stock;;£43.02 
The Midnight Assassin: Panic, Scandal, and the Hunt for America's First Serial Killer;;Four;;In stock;;£28.45 
The Martian (The Martian #1);;Two;;In stock;;£41.39 
The High Mountains of Portugal;;One;;In stock;;£51.15 
The Grownup;;One;;In stock;;£35.88 
The E-Myth Revisited: Why Most Small Businesses Don't Work and What to Do About It;;One;;In stock;;£36.91 
South of Sunshine;;One;;In stock;;£28.93 
Smarter Faster Better: The Secrets of Being Productive in Life and Business;;Five;;In stock;;£38.89 
Silence in the Dark (Logan Point #4);;Three;;In stock;;£58.33 
Shadows of the Past (Logan Point #1);;Five;;In stock;;£39.67 
The Power of Habit: Why We Do What We Do in Life and Business;;Three;;In stock;;£16.88 
The Marriage of Opposites;;Four;;In stock;;£28.08 
The Lucifer Effect: Understanding How Good People Turn Evil;;One;;In stock;;£10.40 
The Long Haul (Diary of a Wimpy Kid #9);;One;;In stock;;£44.07 
The Loney;;One;;In stock;;£23.40 
The Literature Book (Big Ideas Simply Explained);;Three;;In stock;;£17.43 
The Last Mile (Amos Decker #2);;Two;;In stock;;£54.21 
The Immortal Life of Henrietta Lacks;;Two;;In stock;;£40.67 
The Hidden Oracle (The Trials of Apollo #1);;Two;;In stock;;£52.26 
The Help Yourself Cookbook for Kids: 60 Easy Plant-Based Recipes Kids Can Make to Stay Healthy and Save the Earth;;Three;;In stock;;£28.77 
The Guilty (Will Robie #4);;Two;;In stock;;£13.82 
The First Hostage (J.B. Collins #2);;Three;;In stock;;£25.85 
The Dovekeepers;;One;;In stock;;£48.78 
The Darkest Lie;;Five;;In stock;;£35.35 
The Bane Chronicles (The Bane Chronicles #1-11);;Four;;In stock;;£44.73 
The Bad-Ass Librarians of Timbuktu: And Their Race to Save the World’s Most Precious Manuscripts;;One;;In stock;;£15.77 
The 14th Colony (Cotton Malone #11);;One;;In stock;;£39.24 
That Darkness (Gardiner and Renner #1);;One;;In stock;;£13.92 
Tastes Like Fear (DI Marnie Rome #3);;One;;In stock;;£10.69 
Take Me with You;;Three;;In stock;;£45.21 
Benjamin Franklin: An American Life;;Three;;In stock;;£48.19 
At The Existentialist Café: Freedom, Being, and apricot cocktails with: Jean-Paul Sartre, Simone de Beauvoir, Albert Camus, Martin Heidegger, Edmund Husserl, Karl Jaspers, Maurice Merleau-Ponty and others;;Five;;In stock;;£29.93 
A Summer In Europe;;Two;;In stock;;£44.34 
A Short History of Nearly Everything;;Five;;In stock;;£52.40 
A Gathering of Shadows (Shades of Magic #2);;Four;;In stock;;£44.81 
The Sound Of Love;;Five;;In stock;;£57.84 
The Rise and Fall of the Third Reich: A History of Nazi Germany;;Two;;In stock;;£39.67 
The Perks of Being a Wallflower;;Three;;In stock;;£55.02 
The Mysterious Affair at Styles (Hercule Poirot #1);;Four;;In stock;;£24.80 
The Man Who Mistook His Wife for a Hat and Other Clinical Tales;;Four;;In stock;;£59.45 
The Makings of a Fatherless Child;;Two;;In stock;;£31.58 
The Joy of Cooking;;Four;;In stock;;£43.27 
The Invention of Wings;;One;;In stock;;£37.34 
The Hobbit (Middle-Earth Universe);;Five;;In stock;;£17.80 
The Great Railway Bazaar;;One;;In stock;;£30.54 
The Golden Compass (His Dark Materials #1);;One;;In stock;;£18.77 
The God Delusion;;Three;;In stock;;£46.85 
The Girl You Left Behind (The Girl You Left Behind #1);;One;;In stock;;£15.79 
The Fellowship of the Ring (The Lord of the Rings #1);;Two;;In stock;;£10.27 
The Collected Poems of W.B. Yeats (The Collected Works of W.B. Yeats #1);;Five;;In stock;;£15.42 
Without Shame;;Five;;In stock;;£48.27 
Watchmen;;Four;;In stock;;£58.05 
Unlimited Intuition Now;;Four;;In stock;;£58.87 
Underlying Notes;;Two;;In stock;;£11.82 
The Shack;;One;;In stock;;£28.03 
The New Brand You: Your New Image Makes the Sale for You;;Five;;In stock;;£44.05 
The Moosewood Cookbook: Recipes from Moosewood Restaurant, Ithaca, New York;;Four;;In stock;;£12.34 
The Flowers Lied;;Two;;In stock;;£16.68 
The Fabric of the Cosmos: Space, Time, and the Texture of Reality;;One;;In stock;;£55.91 
The Book of Mormon;;Three;;In stock;;£24.57 
The Art and Science of Low Carbohydrate Living;;Five;;In stock;;£52.98 
The Alien Club;;One;;In stock;;£54.40 
Suzie Snowflake: One beautiful flake (a self-esteem story);;Five;;In stock;;£54.81 
Nap-a-Roo;;One;;In stock;;£25.08 
NaNo What Now? Finding your editing process, revising your NaNoWriMo book and building a writing career through publishing and beyond;;Four;;In stock;;£10.41 
Modern Day Fables;;Two;;In stock;;£47.44 
If I Gave You God's Phone Number....: Searching for Spirituality in America;;One;;In stock;;£20.91 
Fruits Basket, Vol. 9 (Fruits Basket #9);;Four;;In stock;;£33.95 
Dress Your Family in Corduroy and Denim;;Three;;In stock;;£43.68 
Don't Forget Steven;;One;;In stock;;£33.23 
Mothering Sunday;;Two;;In stock;;£13.34 
Mother, Can You Not?;;Five;;In stock;;£16.89 
M Train;;One;;In stock;;£27.18 
Lilac Girls;;Two;;In stock;;£17.28 
Lies and Other Acts of Love;;One;;In stock;;£45.14 
Lab Girl;;One;;In stock;;£40.85 
Keep Me Posted;;Four;;In stock;;£20.46 
It Didn't Start with You: How Inherited Family Trauma Shapes Who We Are and How to End the Cycle;;Three;;In stock;;£56.27 
Grey (Fifty Shades #4);;Four;;In stock;;£48.49 
Exit, Pursued by a Bear;;Four;;In stock;;£51.34 
Daredevils;;Three;;In stock;;£16.34 
Cravings: Recipes for What You Want to Eat;;Three;;In stock;;£20.50 
Born for This: How to Find the Work You Were Meant to Do;;Five;;In stock;;£21.59 
Arena;;Four;;In stock;;£21.36 
Adultery;;Five;;In stock;;£20.88 
A Mother's Reckoning: Living in the Aftermath of Tragedy;;Three;;In stock;;£19.53 
A Gentleman's Position (Society of Gentlemen #3);;Five;;In stock;;£14.75 
11/22/63;;Three;;In stock;;£48.48 
10% Happier: How I Tamed the Voice in My Head, Reduced Stress Without Losing My Edge, and Found Self-Help That Actually Works;;Two;;In stock;;£24.57 
10-Day Green Smoothie Cleanse: Lose Up to 15 Pounds in 10 Days!;;Five;;In stock;;£49.71 
Slow States of Collapse: Poems;;Three;;In stock;;£57.31 
Reasons to Stay Alive;;Two;;In stock;;£26.41 
Private Paris (Private #10);;Five;;In stock;;£47.61 
#HigherSelfie: Wake Up Your Life. Free Your Soul. Find Your Tribe.;;Five;;In stock;;£23.11 
Without Borders (Wanderlove #1);;Two;;In stock;;£45.07 
When We Collided;;One;;In stock;;£31.77 
We Love You, Charlie Freeman;;Five;;In stock;;£50.27 
Untitled Collection: Sabbath Poems 2014;;Four;;In stock;;£14.27 
Unseen City: The Majesty of Pigeons, the Discreet Charm of Snails & Other Wonders of the Urban Wilderness;;Four;;In stock;;£44.18 
Unicorn Tracks;;Three;;In stock;;£18.78 
Unbound: How Eight Technologies Made Us Human, Transformed Society, and Brought Our World to the Brink;;One;;In stock;;£25.52 
Tsubasa: WoRLD CHRoNiCLE 2 (Tsubasa WoRLD CHRoNiCLE #2);;One;;In stock;;£16.28 
Throwing Rocks at the Google Bus: How Growth Became the Enemy of Prosperity;;Three;;In stock;;£31.12 
This One Summer;;Four;;In stock;;£19.49 
Thirst;;Five;;In stock;;£17.27 
The Torch Is Passed: A Harding Family Story;;One;;In stock;;£19.09 
The Secret of Dreadwillow Carse;;One;;In stock;;£56.13 
The Pioneer Woman Cooks: Dinnertime: Comfort Classics, Freezer Food, 16-Minute Meals, and Other Delicious Ways to Solve Supper!;;One;;In stock;;£56.41 
The Past Never Ends;;Four;;In stock;;£56.50 
The Natural History of Us (The Fine Art of Pretending #2);;Three;;In stock;;£45.22 
A Light in the Attic;;Three;;In stock;;£51.77 
Tipping the Velvet;;One;;In stock;;£53.74 
Soumission;;One;;In stock;;£50.10 
Sharp Objects;;Four;;In stock;;£47.82 
Sapiens: A Brief History of Humankind;;Five;;In stock;;£54.23 
The Requiem Red;;One;;In stock;;£22.65 
The Dirty Little Secrets of Getting Your Dream Job;;Four;;In stock;;£33.34 
The Coming Woman: A Novel Based on the Life of the Infamous Feminist, Victoria Woodhull;;Three;;In stock;;£17.93 
The Boys in the Boat: Nine Americans and Their Epic Quest for Gold at the 1936 Berlin Olympics;;Four;;In stock;;£22.60 
The Black Maria;;One;;In stock;;£52.15 
Starving Hearts (Triangular Trade Trilogy, #1);;Two;;In stock;;£13.99 
Shakespeare's Sonnets;;Four;;In stock;;£20.66 
Set Me Free;;Five;;In stock;;£17.46 
Scott Pilgrim's Precious Little Life (Scott Pilgrim #1);;Five;;In stock;;£52.29 
Rip it Up and Start Again;;Five;;In stock;;£35.02 
Our Band Could Be Your Life: Scenes from the American Indie Underground, 1981-1991;;Three;;In stock;;£57.25 
Olio;;One;;In stock;;£23.88 
Mesaerion: The Best Science Fiction Stories 1800-1849;;One;;In stock;;£37.59 
Libertarianism for Beginners;;Two;;In stock;;£51.33 
It's Only the Himalayas;;Two;;In stock;;£45.17 
The Midnight Watch: A Novel of the Titanic and the Californian;;One;;In stock;;£26.20 
The Lonely City: Adventures in the Art of Being Alone;;Two;;In stock;;£33.26 
The Gray Rhino: How to Recognize and Act on the Obvious Dangers We Ignore;;Four;;In stock;;£59.15 
The Golden Condom: And Other Essays on Love Lost and Found;;One;;In stock;;£39.43 
The Epidemic (The Program 0.6);;Five;;In stock;;£14.44 
The Dinner Party;;Two;;In stock;;£56.54 
The Diary of a Young Girl;;Three;;In stock;;£59.90 
The Children;;Three;;In stock;;£11.88 
Stars Above (The Lunar Chronicles #4.5);;Two;;In stock;;£48.05 
Snatched: How A Drug Queen Went Undercover for the DEA and Was Kidnapped By Colombian Guerillas;;Three;;In stock;;£21.21 
Raspberry Pi Electronics Projects for the Evil Genius;;Four;;In stock;;£49.67 
Quench Your Own Thirst: Business Lessons Learned Over a Beer or Two;;One;;In stock;;£43.14 
Psycho: Sanitarium (Psycho #1.5);;Five;;In stock;;£36.97 
Poisonous (Max Revere Novels #3);;Three;;In stock;;£26.80 
One with You (Crossfire #5);;Four;;In stock;;£15.71 
No Love Allowed (Dodge Cove #1);;Four;;In stock;;£54.65 
Murder at the 42nd Street Library (Raymond Ambler #1);;Four;;In stock;;£54.36 
Most Wanted;;Three;;In stock;;£35.28 
Love, Lies and Spies;;Two;;In stock;;£20.55 
How to Speak Golf: An Illustrated Guide to Links Lingo;;Five;;In stock;;£58.32 
Shopaholic Ties the Knot (Shopaholic #3);;Five;;In stock;;£48.39 
Paper and Fire (The Great Library #2);;Five;;In stock;;£49.45 
Outlander (Outlander #1);;Five;;In stock;;£19.67 
Orchestra of Exiles: The Story of Bronislaw Huberman, the Israel Philharmonic, and the One Thousand Jews He Saved from Nazi Horrors;;Three;;In stock;;£12.36 
No One Here Gets Out Alive;;Five;;In stock;;£20.02 
Night Shift (Night Shift #1-20);;Four;;In stock;;£12.75 
Needful Things;;Four;;In stock;;£47.51 
Mockingjay (The Hunger Games #3);;Four;;In stock;;£20.44 
Misery;;Two;;In stock;;£34.79 
Little Women (Little Women #1);;Four;;In stock;;£28.07 
It;;Three;;In stock;;£25.01 
Harry Potter and the Sorcerer's Stone (Harry Potter #1);;Three;;In stock;;£13.90 
Harry Potter and the Prisoner of Azkaban (Harry Potter #3);;Four;;In stock;;£24.17 
Harry Potter and the Order of the Phoenix (Harry Potter #5);;Four;;In stock;;£31.63 
Harry Potter and the Half-Blood Prince (Harry Potter #6);;Five;;In stock;;£48.75 
Harry Potter and the Chamber of Secrets (Harry Potter #2);;One;;In stock;;£14.74 
Gone with the Wind;;Three;;In stock;;£32.49 
God Is Not Great: How Religion Poisons Everything;;One;;In stock;;£27.80 
Girl With a Pearl Earring;;One;;In stock;;£26.77 
Fruits Basket, Vol. 4 (Fruits Basket #4);;Four;;In stock;;£50.44 
Seven Days in the Art World;;Two;;In stock;;£52.33 
Seven Brief Lessons on Physics;;Four;;In stock;;£30.60 
Scarlet (The Lunar Chronicles #2);;Four;;In stock;;£14.57 
Sarah's Key;;One;;In stock;;£46.29 
Saga, Volume 3 (Saga (Collected Editions) #3);;Five;;In stock;;£21.57 
Running with Scissors;;Four;;In stock;;£12.91 
Rogue Lawyer (Rogue Lawyer #1);;Three;;In stock;;£50.11 
Rise of the Rocket Girls: The Women Who Propelled Us, from Missiles to the Moon to Mars;;Four;;In stock;;£41.67 
Rework;;Two;;In stock;;£44.88 
Reservations for Two;;Three;;In stock;;£11.10 
Red: The True Story of Red Riding Hood;;Three;;In stock;;£28.54 
Ready Player One;;Four;;In stock;;£19.07 
Quiet: The Power of Introverts in a World That Can't Stop Talking;;One;;In stock;;£43.55 
Prodigy: The Graphic Novel (Legend: The Graphic Novel #2);;Three;;In stock;;£43.63 
Persepolis: The Story of a Childhood (Persepolis #1-2);;One;;In stock;;£39.13 
Packing for Mars: The Curious Science of Life in the Void;;Two;;In stock;;£56.68 
Outliers: The Story of Success;;One;;In stock;;£14.16 
Original Fake;;Three;;In stock;;£31.45 
Orange Is the New Black;;Two;;In stock;;£24.61 
One for the Money (Stephanie Plum #1);;Two;;In stock;;£32.87 
Whole Lotta Creativity Going On: 60 Fun and Unusual Exercises to Awaken and Strengthen Your Creativity;;Four;;In stock;;£38.20 
What's It Like in Space?: Stories from Astronauts Who've Been There;;Two;;In stock;;£19.60 
We Are Robin, Vol. 1: The Vigilante Business (We Are Robin #1);;One;;In stock;;£53.90 
Walt Disney's Alice in Wonderland;;Five;;In stock;;£12.96 
V for Vendetta (V for Vendetta Complete);;Four;;In stock;;£37.10 
Until Friday Night (The Field Party #1);;Two;;In stock;;£46.31 
Unbroken: A World War II Story of Survival, Resilience, and Redemption;;Two;;In stock;;£45.95 
Twenty Yawns;;Two;;In stock;;£22.08 
Through the Woods;;Two;;In stock;;£25.38 
This Is Where It Ends;;Two;;In stock;;£27.12 
The Year of Magical Thinking;;Two;;In stock;;£43.04 
The Wright Brothers;;Four;;In stock;;£56.80 
The White Queen (The Cousins' War #1);;Five;;In stock;;£25.91 
The Wedding Pact (The O'Malleys #2);;Three;;In stock;;£32.61 
The Time Keeper;;Five;;In stock;;£27.88 
The Testament of Mary;;Four;;In stock;;£52.67 
The Star-Touched Queen;;Five;;In stock;;£46.02 
The Songs of the Gods;;Five;;In stock;;£44.48 
The Song of Achilles;;Five;;In stock;;£37.40 
The Rosie Project (Don Tillman #1);;One;;In stock;;£54.04 
Algorithms to Live By: The Computer Science of Human Decisions;;One;;In stock;;£30.81 
A World of Flavor: Your Gluten Free Passport;;One;;In stock;;£42.95 
A Piece of Sky, a Grain of Rice: A Memoir in Four Meditations;;Five;;In stock;;£56.76 
A Murder in Time;;One;;In stock;;£16.64 
A Flight of Arrows (The Pathfinders #2);;Five;;In stock;;£55.53 
A Fierce and Subtle Poison;;Four;;In stock;;£28.13 
A Court of Thorns and Roses (A Court of Thorns and Roses #1);;One;;In stock;;£52.37 
(Un)Qualified: How God Uses Broken People to Do Big Things;;Five;;In stock;;£54.00 
You Are What You Love: The Spiritual Power of Habit;;Four;;In stock;;£21.87 
William Shakespeare's Star Wars: Verily, A New Hope (William Shakespeare's Star Wars #4);;Four;;In stock;;£43.30 
Tuesday Nights in 1980;;Two;;In stock;;£21.04 
Tracing Numbers on a Train;;Three;;In stock;;£41.60 
Throne of Glass (Throne of Glass #1);;Three;;In stock;;£35.07 
Thomas Jefferson and the Tripoli Pirates: The Forgotten War That Changed American History;;One;;In stock;;£59.64 
Thirteen Reasons Why;;One;;In stock;;£52.72 
The White Cat and the Monk: A Retelling of the Poem “Pangur Bán”;;Four;;In stock;;£58.08 
The Wedding Dress;;One;;In stock;;£24.12 
The Vacationers;;Four;;In stock;;£42.15 
The Third Wave: An Entrepreneur’s Vision of the Future;;Five;;In stock;;£12.61 
The Stranger;;Four;;In stock;;£17.44 
Frankenstein;;Two;;In stock;;£38.00 
Forever Rockers (The Rocker #12);;Three;;In stock;;£28.80 
Fighting Fate (Fighting #6);;Three;;In stock;;£39.24 
Emma;;Two;;In stock;;£32.93 
Eat, Pray, Love;;Three;;In stock;;£51.32 
Deep Under (Walker Security #1);;Five;;In stock;;£47.09 
Choosing Our Religion: The Spiritual Lives of America's Nones;;Four;;In stock;;£28.42 
Charlie and the Chocolate Factory (Charlie Bucket #1);;Three;;In stock;;£22.85 
Charity's Cross (Charles Towne Belles #4);;One;;In stock;;£41.24 
Bright Lines;;Five;;In stock;;£39.07 
Bridget Jones's Diary (Bridget Jones #1);;One;;In stock;;£29.82 
Bounty (Colorado Mountain #7);;Four;;In stock;;£37.26 
Blood Defense (Samantha Brinkman #1);;Three;;In stock;;£20.30 
Bleach, Vol. 1: Strawberry and the Soul Reapers (Bleach #1);;Five;;In stock;;£34.65 
Beyond Good and Evil;;One;;In stock;;£43.38 
Alice in Wonderland (Alice's Adventures in Wonderland #1);;One;;In stock;;£55.53 
Ajin: Demi-Human, Volume 1 (Ajin: Demi-Human #1);;Four;;In stock;;£57.06 
A Spy's Devotion (The Regency Spies of London #1);;Five;;In stock;;£16.97 
1st to Die (Women's Murder Club #1);;One;;In stock;;£53.98 
1,000 Places to See Before You Die;;Five;;In stock;;£26.08 
The Bhagavad Gita;;Three;;In stock;;£57.49 
The Bette Davis Club;;Three;;In stock;;£30.66 
The Art of Not Breathing;;Four;;In stock;;£40.83 
Taking Shots (Assassins #1);;Two;;In stock;;£18.88 
Starlark;;Three;;In stock;;£25.83 
Skip Beat!, Vol. 01 (Skip Beat! #1);;Three;;In stock;;£42.12 
Sister Sable (The Mad Queen #1);;Three;;In stock;;£13.33 
Shatter Me (Shatter Me #1);;One;;In stock;;£42.40 
Shameless;;Three;;In stock;;£58.35 
Shadow Rites (Jane Yellowrock #10);;Four;;In stock;;£21.72 
Settling the Score (The Summer Games #1);;Two;;In stock;;£44.91 
Sense and Sensibility;;One;;In stock;;£37.46 
Saga, Volume 1 (Saga (Collected Editions) #1);;One;;In stock;;£28.48 
Rhythm, Chord & Malykhin;;Two;;In stock;;£28.34 
Rat Queens, Vol. 1: Sass & Sorcery (Rat Queens (Collected Editions) #1-5);;Five;;In stock;;£46.96 
Paradise Lost (Paradise #1);;One;;In stock;;£24.96 
Paper Girls, Vol. 1 (Paper Girls #1-5);;Four;;In stock;;£21.71 
Ouran High School Host Club, Vol. 1 (Ouran High School Host Club #1);;Three;;In stock;;£29.87 
Origins (Alphas 0.5);;One;;In stock;;£28.99 
One Second (Seven #7);;Two;;In stock;;£52.94 
The Da Vinci Code (Robert Langdon #2);;Two;;In stock;;£22.96 
The Cuckoo's Calling (Cormoran Strike #1);;One;;In stock;;£19.21 
The Complete Stories and Poems (The Works of Edgar Allan Poe [Cameo Edition]);;Four;;In stock;;£26.78 
The Complete Poems;;Five;;In stock;;£41.32 
The Catcher in the Rye;;One;;In stock;;£24.55 
The Cat in the Hat (Beginner Books B-1);;Two;;In stock;;£16.26 
The Case for Christ (Cases for Christianity);;One;;In stock;;£47.84 
The Book Thief;;Two;;In stock;;£53.49 
The Book of Basketball: The NBA According to The Sports Guy;;Five;;In stock;;£44.84 
The Blind Side: Evolution of a Game;;Five;;In stock;;£53.71 
The Autobiography of Malcolm X;;Two;;In stock;;£23.43 
The Art of Simple Food: Notes, Lessons, and Recipes from a Delicious Revolution;;Three;;In stock;;£34.32 
The Art of Fielding;;One;;In stock;;£22.10 
Surely You're Joking, Mr. Feynman!: Adventures of a Curious Character;;Two;;In stock;;£25.83 
Stiff: The Curious Lives of Human Cadavers;;Three;;In stock;;£36.74 
Spilled Milk: Based on a True Story;;One;;In stock;;£49.51 
Something Borrowed (Darcy & Rachel #1);;Five;;In stock;;£48.96 
Something Blue (Darcy & Rachel #2);;One;;In stock;;£54.62 
Soldier (Talon #3);;Two;;In stock;;£24.72 
Shopaholic & Baby (Shopaholic #5);;Two;;In stock;;£46.45 
Alight (The Generations Trilogy #2);;Four;;In stock;;£58.59 
A Girl's Guide to Moving On (New Beginnings #2);;One;;In stock;;£31.30 
A Game of Thrones (A Song of Ice and Fire #1);;Two;;In stock;;£46.42 
A Feast for Crows (A Song of Ice and Fire #4);;Four;;In stock;;£17.21 
A Clash of Kings (A Song of Ice and Fire #2);;Three;;In stock;;£10.79 
Vogue Colors A to Z: A Fashion Coloring Book;;Four;;In stock;;£52.35 
The Shining (The Shining #1);;Three;;In stock;;£27.88 
The Pilgrim's Progress;;Two;;In stock;;£50.26 
The Perfect Play (Play by Play #1);;Three;;In stock;;£59.99 
The Passion of Dolssa;;Five;;In stock;;£28.32 
The Jazz of Physics: The Secret Link Between Music and the Structure of the Universe;;Three;;In stock;;£38.71 
The Hunger Games (The Hunger Games #1);;Five;;In stock;;£29.85 
The Hound of the Baskervilles (Sherlock Holmes #5);;Two;;In stock;;£14.82 
The Gunning of America: Business and the Making of American Gun Culture;;Four;;In stock;;£16.81 
The Geography of Bliss: One Grump's Search for the Happiest Places in the World;;Two;;In stock;;£28.23 
The Demonists (Demonist #1);;Two;;In stock;;£52.11 
The Demon Prince of Momochi House, Vol. 4 (The Demon Prince of Momochi House #4);;Two;;In stock;;£27.88 
The Bone Hunters (Lexy Vaughan & Steven Macaulay #2);;Three;;In stock;;£59.71 
The Beast (Black Dagger Brotherhood #14);;Five;;In stock;;£46.08 
Some Women;;Five;;In stock;;£13.73 
Far From True (Promise Falls Trilogy #2);;Two;;In stock;;£34.93 
Dark Lover (Black Dagger Brotherhood #1);;One;;In stock;;£12.87 
Confessions of a Shopaholic (Shopaholic #1);;Two;;In stock;;£48.94 
Changing the Game (Play by Play #2);;Three;;In stock;;£13.38 
Candide;;Three;;In stock;;£58.63 
Can You Keep a Secret?;;One;;In stock;;£21.94 
Atlas Shrugged;;Five;;In stock;;£26.58 
Animal Farm;;Three;;In stock;;£57.22 
A Walk to Remember;;One;;In stock;;£56.43 
A New Earth: Awakening to Your Life's Purpose;;Five;;In stock;;£55.65 
A History of God: The 4,000-Year Quest of Judaism, Christianity, and Islam;;One;;In stock;;£27.62 
'Salem's Lot;;Four;;In stock;;£49.56 
Zero History (Blue Ant #3);;One;;In stock;;£34.77 
Wuthering Heights;;Three;;In stock;;£17.73 
World War Z: An Oral History of the Zombie War;;One;;In stock;;£21.80 
Wild: From Lost to Found on the Pacific Crest Trail;;Three;;In stock;;£46.02 
Where'd You Go, Bernadette;;One;;In stock;;£18.13 
When You Are Engulfed in Flames;;Five;;In stock;;£30.89 
We the People: The Modern-Day Figures Who Have Reshaped and Affirmed the Founding Fathers' Vision of America;;Three;;In stock;;£31.95 
We Are All Completely Beside Ourselves;;One;;In stock;;£24.04 
Heaven is for Real: A Little Boy's Astounding Story of His Trip to Heaven and Back;;Two;;In stock;;£52.86 
Future Shock (Future Shock #1);;Five;;In stock;;£55.65 
Ender's Game (The Ender Quintet #1);;One;;In stock;;£43.64 
Diary of a Citizen Scientist: Chasing Tiger Beetles and Other New Ways of Engaging the World;;One;;In stock;;£28.41 
Death by Leisure: A Cautionary Tale;;Four;;In stock;;£37.51 
Brilliant Beacons: A History of the American Lighthouse;;Three;;In stock;;£11.45 
Brazen: The Courage to Find the You That's Been Hiding;;Two;;In stock;;£19.22 
Between the World and Me;;Four;;In stock;;£56.91 
Being Mortal: Medicine and What Matters in the End;;Four;;In stock;;£55.06 
A Murder Over a Girl: Justice, Gender, Junior High;;Three;;In stock;;£13.20 
32 Yolks;;Two;;In stock;;£53.63 
"Most Blessed of the Patriarchs": Thomas Jefferson and the Empire of the Imagination;;Five;;In stock;;£44.48 
You Are a Badass: How to Stop Doubting Your Greatness and Start Living an Awesome Life;;Three;;In stock;;£12.08 
Wildlife of New York: A Five-Borough Coloring Book;;Two;;In stock;;£22.14 
What Happened on Beale Street (Secrets of the South Mysteries #2);;Five;;In stock;;£25.37 
Unreasonable Hope: Finding Faith in the God Who Brings Purpose to Your Pain;;Two;;In stock;;£46.33 
Under the Tuscan Sun;;Three;;In stock;;£37.33 
Toddlers Are A**holes: It's Not Your Fault;;One;;In stock;;£25.55 
The Year of Living Biblically: One Man's Humble Quest to Follow the Bible as Literally as Possible;;One;;In stock;;£34.72 
The Whale;;Four;;In stock;;£35.96 
The Dream Thieves (The Raven Cycle #2);;One;;In stock;;£34.50 
The Darkest Corners;;Five;;In stock;;£11.33 
The Crossover;;Four;;In stock;;£38.77 
The 5th Wave (The 5th Wave #1);;Two;;In stock;;£11.83 
Tell the Wind and Fire;;Three;;In stock;;£45.51 
Tell Me Three Things;;One;;In stock;;£41.81 
Talking to Girls About Duran Duran: One Young Man's Quest for True Love and a Cooler Haircut;;Four;;In stock;;£25.15 
Siddhartha;;Five;;In stock;;£34.22 
Shiver (The Wolves of Mercy Falls #1);;Five;;In stock;;£16.23 
Remember Me?;;Three;;In stock;;£11.48 
Red Dragon (Hannibal Lecter #1);;Three;;In stock;;£23.37 
Peak: Secrets from the New Science of Expertise;;Two;;In stock;;£16.28 
My Mother Was Nuts;;Four;;In stock;;£31.63 
Mexican Today: New and Rediscovered Recipes for Contemporary Kitchens;;Five;;In stock;;£24.91 
Maybe Something Beautiful: How Art Transformed a Neighborhood;;One;;In stock;;£22.54 
Lola and the Boy Next Door (Anna and the French Kiss #2);;Four;;In stock;;£23.63 
Logan Kade (Fallen Crest High #5.5);;Two;;In stock;;£13.12 
Last One Home (New Beginnings #1);;Three;;In stock;;£59.98 
Killing Floor (Jack Reacher #1);;Four;;In stock;;£31.49 
Kill the Boy Band;;Five;;In stock;;£15.52 
The Silkworm (Cormoran Strike #2);;Five;;In stock;;£23.05 
The Sandman, Vol. 3: Dream Country (The Sandman (volumes) #3);;Five;;In stock;;£55.55 
The Rose & the Dagger (The Wrath and the Dawn #2);;Four;;In stock;;£58.64 
The Road to Little Dribbling: Adventures of an American in Britain (Notes From a Small Island #2);;One;;In stock;;£23.21 
The Rise of Theodore Roosevelt (Theodore Roosevelt #1);;Three;;In stock;;£42.57 
The Restaurant at the End of the Universe (Hitchhiker's Guide to the Galaxy #2);;One;;In stock;;£10.92 
The Rest Is Noise: Listening to the Twentieth Century;;One;;In stock;;£34.77 
The Red Tent;;Five;;In stock;;£35.66 
The Purpose Driven Life: What on Earth Am I Here for?;;Three;;In stock;;£37.19 
The Purest Hook (Second Circle Tattoos #3);;One;;In stock;;£12.25 
The Picture of Dorian Gray;;Two;;In stock;;£29.70 
The Paris Wife;;Three;;In stock;;£36.80 
The Obsession;;One;;In stock;;£45.43 
The Nightingale;;Four;;In stock;;£26.26 
The New Guy (and Other Senior Year Distractions);;Three;;In stock;;£44.92 
The Nanny Diaries (Nanny #1);;Five;;In stock;;£52.53 
The Name of God is Mercy;;Two;;In stock;;£37.25 
The Maze Runner (The Maze Runner #1);;One;;In stock;;£20.93 
The Lover's Dictionary;;Two;;In stock;;£58.09 
The Lonely Ones;;Five;;In stock;;£43.59 
Jurassic Park (Jurassic Park #1);;One;;In stock;;£44.97 
It's Never Too Late to Begin Again: Discovering Creativity and Meaning at Midlife and Beyond;;One;;In stock;;£42.38 
Is Everyone Hanging Out Without Me? (And Other Concerns);;Three;;In stock;;£20.11 
Into the Wild;;Five;;In stock;;£56.70 
Inferno (Robert Langdon #4);;Five;;In stock;;£41.00 
In the Garden of Beasts: Love, Terror, and an American Family in Hitler's Berlin;;Three;;In stock;;£28.85 
If I Run (If I Run #1);;Four;;In stock;;£49.97 
I've Got Your Number;;One;;In stock;;£19.69 
I Am Malala: The Girl Who Stood Up for Education and Was Shot by the Taliban;;Two;;In stock;;£28.88 
Hungry Girl Clean & Hungry: Easy All-Natural Recipes for Healthy Eating in the Real World;;Three;;In stock;;£33.14 
House of Lost Worlds: Dinosaurs, Dynasties, and the Story of Life on Earth;;Two;;In stock;;£43.70 
House of Leaves;;One;;In stock;;£54.89 
Horrible Bear!;;Two;;In stock;;£37.52 
Holidays on Ice;;Two;;In stock;;£51.07 
Heir to the Sky;;Four;;In stock;;£44.07 
Green Eggs and Ham (Beginner Books B-16);;Four;;In stock;;£10.79 
Grayson, Vol 3: Nemesis (Grayson #3);;One;;In stock;;£42.72 
Gratitude;;Five;;In stock;;£26.66 
Gone Girl;;Five;;In stock;;£37.60 
Golden (Heart of Dread #3);;Four;;In stock;;£42.21 
The Story of Art;;Four;;In stock;;£41.14 
The Origin of Species;;Four;;In stock;;£10.01 
The Great Gatsby;;Four;;In stock;;£36.05 
The Good Girl;;Three;;In stock;;£49.03 
The Glass Castle;;One;;In stock;;£16.24 
The Faith of Christopher Hitchens: The Restless Soul of the World's Most Notorious Atheist;;One;;In stock;;£39.55 
The Drowning Girls;;Three;;In stock;;£35.67 
The Constant Princess (The Tudor Court #1);;Three;;In stock;;£16.62 
The Bourne Identity (Jason Bourne #1);;Four;;In stock;;£42.78 
The Bachelor Girl's Guide to Murder (Herringford and Watts Mysteries #1);;Five;;In stock;;£52.30 
The Art Book;;Two;;In stock;;£32.34 
The 7 Habits of Highly Effective People: Powerful Lessons in Personal Change;;Four;;In stock;;£33.17 
Team of Rivals: The Political Genius of Abraham Lincoln;;Five;;In stock;;£20.12 
Steal Like an Artist: 10 Things Nobody Told You About Being Creative;;Two;;In stock;;£20.90 
Sit, Stay, Love;;Three;;In stock;;£20.90 
Sister Dear;;Four;;In stock;;£40.20 
Shrunken Treasures: Literary Classics, Short, Sweet, and Silly;;Three;;In stock;;£52.87 
Rich Dad, Poor Dad;;One;;In stock;;£51.74 
Raymie Nightingale;;Two;;In stock;;£34.41 
Playing from the Heart;;One;;In stock;;£32.38 
Modern Romance;;Five;;In stock;;£28.26 
Miss Peregrine’s Home for Peculiar Children (Miss Peregrine’s Peculiar Children #1);;One;;In stock;;£10.76 
Louisa: The Extraordinary Life of Mrs. Adams;;Two;;In stock;;£16.85 
Little Red;;Three;;In stock;;£13.47 
Library of Souls (Miss Peregrine’s Peculiar Children #3);;Five;;In stock;;£48.56 
Large Print Heart of the Pride;;Two;;In stock;;£19.15 
I Had a Nice Time And Other Lies...: How to find love & sh*t like that;;Four;;In stock;;£57.36 
Hollow City (Miss Peregrine’s Peculiar Children #2);;One;;In stock;;£42.98 
Grumbles;;Two;;In stock;;£22.16 
Full Moon over Noah’s Ark: An Odyssey to Mount Ararat and Beyond;;Four;;In stock;;£49.43 
Frostbite (Vampire Academy #2);;Five;;In stock;;£29.99 
Follow You Home;;One;;In stock;;£21.36 
First Steps for New Christians (Print Edition);;One;;In stock;;£29.00 
Finders Keepers (Bill Hodges Trilogy #2);;Five;;In stock;;£53.53 
Fables, Vol. 1: Legends in Exile (Fables #1);;Four;;In stock;;£41.62 
Eureka Trivia 6.0;;Four;;In stock;;£54.59 
Drive: The Surprising Truth About What Motivates Us;;Four;;In stock;;£34.95 
Done Rubbed Out (Reightman & Bailey #1);;Five;;In stock;;£37.72 
Doing It Over (Most Likely To #1);;Three;;In stock;;£35.61 
Deliciously Ella Every Day: Quick and Easy Recipes for Gluten-Free Snacks, Packed Lunches, and Simple Meals;;Three;;In stock;;£42.16 
Dark Notes;;Five;;In stock;;£19.19 
Daring Greatly: How the Courage to Be Vulnerable Transforms the Way We Live, Love, Parent, and Lead;;Three;;In stock;;£19.43 
Close to You;;Four;;In stock;;£49.46 
Chasing Heaven: What Dying Taught Me About Living;;Two;;In stock;;£37.80 
Big Magic: Creative Living Beyond Fear;;Three;;In stock;;£30.80 
Becoming Wise: An Inquiry into the Mystery and Art of Living;;Two;;In stock;;£27.43 
Beauty Restored (Riley Family Legacy Novellas #3);;Two;;In stock;;£11.11 
Batman: The Long Halloween (Batman);;Two;;In stock;;£36.50 
Batman: The Dark Knight Returns (Batman);;Five;;In stock;;£15.38 
Ayumi's Violin;;Two;;In stock;;£15.48 
Anonymous;;Four;;In stock;;£46.82 
Amy Meets the Saints and Sages;;Three;;In stock;;£18.46 
Amid the Chaos;;One;;In stock;;£36.58 
Amatus;;Five;;In stock;;£50.54 
Agnostic: A Spirited Manifesto;;Five;;In stock;;£12.51 
Zealot: The Life and Times of Jesus of Nazareth;;Three;;In stock;;£24.70 
You (You #1);;Five;;In stock;;£43.61 
Wonder Woman: Earth One, Volume One (Wonder Woman: Earth One #1);;Four;;In stock;;£37.34 
Wild Swans;;Two;;In stock;;£14.36 
Why the Right Went Wrong: Conservatism--From Goldwater to the Tea Party and Beyond;;Four;;In stock;;£52.65 
Swell: A Year of Waves;;One;;In stock;;£45.58 
Superman Vol. 1: Before Truth (Superman by Gene Luen Yang #1);;Five;;In stock;;£11.89 
Still Life with Bread Crumbs;;Three;;In stock;;£26.41 
Steve Jobs;;Five;;In stock;;£39.50 
Sorting the Beef from the Bull: The Science of Food Fraud Forensics;;Four;;In stock;;£44.74 
Someone Like You (The Harrisons #2);;Five;;In stock;;£52.79 
So Cute It Hurts!!, Vol. 6 (So Cute It Hurts!! #6);;Four;;In stock;;£35.43 
Shtum;;Four;;In stock;;£55.84 
See America: A Celebration of Our National Parks & Treasured Sites;;Three;;In stock;;£48.87 
salt.;;Four;;In stock;;£46.78 
Robin War;;Three;;In stock;;£47.82 
Red Hood/Arsenal, Vol. 1: Open for Business (Red Hood/Arsenal #1);;Two;;In stock;;£25.48 
Rain Fish;;Three;;In stock;;£23.57 
Quarter Life Poetry: Poems for the Young, Broke and Hangry;;Five;;In stock;;£50.89 
Pet Sematary;;Three;;In stock;;£10.56 
Overload: How to Unplug, Unwind, and Unleash Yourself from the Pressure of Stress;;Three;;In stock;;£52.15 
Once Was a Time;;Two;;In stock;;£18.28 
Old School (Diary of a Wimpy Kid #10);;Five;;In stock;;£11.83 
No Dream Is Too High: Life Lessons From a Man Who Walked on the Moon;;Two;;In stock;;£21.95 
Naruto (3-in-1 Edition), Vol. 14: Includes Vols. 40, 41 & 42 (Naruto: Omnibus #14);;Two;;In stock;;£38.39 
Walk the Edge (Thunder Road #2);;Three;;In stock;;£32.36 
Voyager (Outlander #3);;Five;;In stock;;£21.07 
Very Good Lives: The Fringe Benefits of Failure and the Importance of Imagination;;Three;;In stock;;£50.66 
Vegan Vegetarian Omnivore: Dinner for Everyone at the Table;;Two;;In stock;;£13.66 
Unstuffed: Decluttering Your Home, Mind, and Soul;;One;;In stock;;£58.09 
Under the Banner of Heaven: A Story of Violent Faith;;One;;In stock;;£30.00 
Two Boys Kissing;;Two;;In stock;;£32.74 
Twilight (Twilight #1);;Two;;In stock;;£41.93 
Twenties Girl;;Two;;In stock;;£42.80 
Trespassing Across America: One Man's Epic, Never-Done-Before (and Sort of Illegal) Hike Across the Heartland;;One;;In stock;;£53.51 
Three-Martini Lunch;;Three;;In stock;;£23.21 
Thinking, Fast and Slow;;One;;In stock;;£21.14 
The Wild Robot;;Three;;In stock;;£56.07 
The Wicked + The Divine, Vol. 3: Commercial Suicide (The Wicked + The Divine);;Three;;In stock;;£14.41 
The Undomestic Goddess;;Four;;In stock;;£45.75 
The Travelers;;One;;In stock;;£15.77 
The Tipping Point: How Little Things Can Make a Big Difference;;Two;;In stock;;£10.02 
The Thing About Jellyfish;;One;;In stock;;£48.77 
The Stand;;Two;;In stock;;£57.86 
The Smitten Kitchen Cookbook;;One;;In stock;;£23.59 
Notes from a Small Island (Notes From a Small Island #1);;One;;In stock;;£40.17 
Night (The Night Trilogy #1);;One;;In stock;;£13.51 
Neither Here nor There: Travels in Europe;;Three;;In stock;;£38.95 
Naked;;Three;;In stock;;£31.69 
Morning Star (Red Rising #3);;One;;In stock;;£29.40 
Miracles from Heaven: A Little Girl, Her Journey to Heaven, and Her Amazing Story of Healing;;One;;In stock;;£57.83 
Midnight Riot (Peter Grant/ Rivers of London - books #1);;Two;;In stock;;£55.46 
Me Talk Pretty One Day;;Two;;In stock;;£57.60 
Manuscript Found in Accra;;Two;;In stock;;£34.98 
Lust & Wonder;;Two;;In stock;;£11.87 
Lila (Gilead #3);;Three;;In stock;;£12.47 
Life, the Universe and Everything (Hitchhiker's Guide to the Galaxy #3);;Two;;In stock;;£33.26 
Life Without a Recipe;;Five;;In stock;;£59.04 
Life After Life;;Two;;In stock;;£26.13 
Letter to a Christian Nation;;One;;In stock;;£22.20 
Let's Pretend This Never Happened: A Mostly True Memoir;;One;;In stock;;£45.11 
Legend (Legend #1);;Four;;In stock;;£43.69 
Lean In: Women, Work, and the Will to Lead;;One;;In stock;;£25.02 
Lamb: The Gospel According to Biff, Christ's Childhood Pal;;Five;;In stock;;£55.50 
Lady Renegades (Rebel Belle #3);;Five;;In stock;;£53.04 
The Lean Startup: How Today's Entrepreneurs Use Continuous Innovation to Create Radically Successful Businesses;;Three;;In stock;;£33.92 
The Last Painting of Sara de Vos;;Two;;In stock;;£55.55 
The Land of 10,000 Madonnas;;Four;;In stock;;£29.64 
The Infinities;;One;;In stock;;£27.41 
The Husband's Secret;;Five;;In stock;;£52.51 
The Hitchhiker's Guide to the Galaxy (Hitchhiker's Guide to the Galaxy #1);;Three;;In stock;;£47.80 
The Guns of August;;Two;;In stock;;£14.54 
The Guernsey Literary and Potato Peel Pie Society;;One;;In stock;;£49.53 
The Goldfinch;;Three;;In stock;;£43.58 
The Giver (The Giver Quartet #1);;One;;In stock;;£12.30 
The Girl with All the Gifts;;Three;;In stock;;£49.47 
The Girl Who Played with Fire (Millennium Trilogy #2);;Two;;In stock;;£22.14 
The Girl Who Kicked the Hornet's Nest (Millennium Trilogy #3);;One;;In stock;;£57.48 
The Exiled;;Three;;In stock;;£43.45 
The End of Faith: Religion, Terror, and the Future of Reason;;Four;;In stock;;£22.13 
The Elegant Universe: Superstrings, Hidden Dimensions, and the Quest for the Ultimate Theory;;Four;;In stock;;£13.03 
The Disappearing Spoon: And Other True Tales of Madness, Love, and the History of the World from the Periodic Table of the Elements;;Five;;In stock;;£57.35 
The Devil Wears Prada (The Devil Wears Prada #1);;One;;In stock;;£44.29 
The Demon-Haunted World: Science as a Candle in the Dark;;Four;;In stock;;£52.25 
The Day the Crayons Came Home (Crayons);;Five;;In stock;;£26.33 
Roller Girl;;Five;;In stock;;£14.10 
Rising Strong;;Three;;In stock;;£21.82 
Proofs of God: Classical Arguments from Tertullian to Barth;;One;;In stock;;£54.21 
Please Kill Me: The Uncensored Oral History of Punk;;Four;;In stock;;£31.19 
Out of Print: City Lights Spotlight No. 14;;Five;;In stock;;£53.64 
My Life Next Door (My Life Next Door );;Five;;In stock;;£36.39 
Miller's Valley;;Two;;In stock;;£58.54 
Man's Search for Meaning;;Three;;In stock;;£29.48 
Love That Boy: What Two Presidents, Eight Road Trips, and My Son Taught Me About a Parent's Expectations;;Two;;In stock;;£25.06 
Living Forward: A Proven Plan to Stop Drifting and Get the Life You Want;;Three;;In stock;;£12.55 
Les Fleurs du Mal;;Five;;In stock;;£29.04 
Left Behind (Left Behind #1);;Two;;In stock;;£40.72 
Kill 'Em and Leave: Searching for James Brown and the American Soul;;Five;;In stock;;£45.05 
Kierkegaard: A Christian Missionary to Christians;;One;;In stock;;£47.13 
John Vassos: Industrial Design for Modern Life;;Four;;In stock;;£20.22 
I'll Give You the Sun;;One;;In stock;;£56.48 
I Will Find You;;One;;In stock;;£44.21 
Hystopia: A Novel;;Four;;In stock;;£21.96 
Howl and Other Poems;;Two;;In stock;;£40.45 
History of Beauty;;Four;;In stock;;£10.29 
Girl in the Blue Coat;;Two;;In stock;;£46.83 
Fruits Basket, Vol. 3 (Fruits Basket #3);;Two;;In stock;;£45.17 
Friday Night Lights: A Town, a Team, and a Dream;;Three;;In stock;;£51.22 
Fire Bound (Sea Haven/Sisters of the Heart #5);;Four;;In stock;;£21.28 
Fifty Shades Freed (Fifty Shades #3);;Five;;In stock;;£15.36 
Fellside;;One;;In stock;;£38.62 
Extreme Prey (Lucas Davenport #26);;Three;;In stock;;£25.40 
Eragon (The Inheritance Cycle #1);;Three;;In stock;;£43.87 
Eclipse (Twilight #3);;One;;In stock;;£18.74 
Dune (Dune #1);;One;;In stock;;£54.86 
Dracula;;Three;;In stock;;£52.62 
Do Androids Dream of Electric Sheep? (Blade Runner #1);;One;;In stock;;£51.48 
Disrupted: My Misadventure in the Start-Up Bubble;;Five;;In stock;;£15.28 
Dead Wake: The Last Crossing of the Lusitania;;Five;;In stock;;£39.24 
David and Goliath: Underdogs, Misfits, and the Art of Battling Giants;;One;;In stock;;£17.81 
Darkfever (Fever #1);;One;;In stock;;£56.02 
Dark Places;;Five;;In stock;;£23.90 
Crazy Rich Asians (Crazy Rich Asians #1);;Five;;In stock;;£49.13 
Counting Thyme;;One;;In stock;;£10.62 
Cosmos;;Two;;In stock;;£36.17 
Fruits Basket, Vol. 2 (Fruits Basket #2);;Five;;In stock;;£11.64 
Diary of a Minecraft Zombie Book 1: A Scare of a Dare (An Unofficial Minecraft Book);;Four;;In stock;;£52.88 
Y: The Last Man, Vol. 1: Unmanned (Y: The Last Man #1);;Four;;In stock;;£18.51 
While You Were Mine;;Five;;In stock;;£41.32 
Where Lightning Strikes (Bleeding Stars #3);;Three;;In stock;;£39.77 
When I'm Gone;;Three;;In stock;;£51.96 
Ways of Seeing;;Five;;In stock;;£39.51 
Vampire Knight, Vol. 1 (Vampire Knight #1);;One;;In stock;;£15.40 
Vampire Girl (Vampire Girl #1);;Two;;In stock;;£53.82 
Twenty Love Poems and a Song of Despair;;Four;;In stock;;£30.95 
Travels with Charley: In Search of America;;Five;;In stock;;£57.82 
Three Wishes (River of Time: California #1);;Two;;In stock;;£44.18 
This One Moment (Pushing Limits #1);;One;;In stock;;£48.71 
The Zombie Room;;Five;;In stock;;£19.69 
The Wicked + The Divine, Vol. 1: The Faust Act (The Wicked + The Divine);;Two;;In stock;;£36.52 
The Tumor;;Five;;In stock;;£41.56 
The Story of Hong Gildong;;Four;;In stock;;£43.19 
The Silent Wife;;Five;;In stock;;£12.34 
The Silent Twin (Detective Jennifer Knight #3);;Three;;In stock;;£36.25 
The Selfish Gene;;One;;In stock;;£29.45 
Annie on My Mind;;Five;;In stock;;£36.83 
And Then There Were None;;Two;;In stock;;£35.01 
A Walk in the Woods: Rediscovering America on the Appalachian Trail;;Four;;In stock;;£30.48 
A Visit from the Goon Squad;;Five;;In stock;;£14.08 
A Storm of Swords (A Song of Ice and Fire #3);;Two;;In stock;;£31.22 
A Heartbreaking Work of Staggering Genius;;Five;;In stock;;£54.29 
8 Keys to Mental Health Through Exercise;;One;;In stock;;£31.04 
#GIRLBOSS;;One;;In stock;;£50.96 
The Suffragettes (Little Black Classics, #96);;Two;;In stock;;£11.89 
The Sense of an Ending;;Three;;In stock;;£31.38 
The Sandman, Vol. 2: The Doll's House (The Sandman (volumes) #2);;One;;In stock;;£54.81 
The Course of Love;;Three;;In stock;;£16.78 
Sugar Rush (Offensive Line #2);;One;;In stock;;£24.42 
Saga, Volume 2 (Saga (Collected Editions) #2);;Three;;In stock;;£11.75 
Run, Spot, Run: The Ethics of Keeping Pets;;One;;In stock;;£20.02 
New Moon (Twilight #2);;Four;;In stock;;£12.86 
Life;;Five;;In stock;;£31.58 
Kindle Paperwhite User's Guide;;Three;;In stock;;£34.00 
H is for Hawk;;Five;;In stock;;£57.42 
Girl Online On Tour (Girl Online #2);;One;;In stock;;£53.47 
The Secret Healer;;Three;;In stock;;£34.56 
The Sandman, Vol. 1: Preludes and Nocturnes (The Sandman (volumes) #1);;Three;;In stock;;£54.12 
The Republic;;Three;;In stock;;£33.78 
The Odyssey;;Three;;In stock;;£29.64 
The No. 1 Ladies' Detective Agency (No. 1 Ladies' Detective Agency #1);;Four;;In stock;;£57.70 
The Nicomachean Ethics;;One;;In stock;;£36.34 
The Name of the Wind (The Kingkiller Chronicle #1);;Three;;In stock;;£50.59 
The Mirror & the Maze (The Wrath and the Dawn #1.5);;One;;In stock;;£29.38 
The Little Prince;;Two;;In stock;;£45.42 
The Light of the Fireflies;;One;;In stock;;£54.43 
The Last Girl (The Dominion Trilogy #1);;Two;;In stock;;£36.26 
The Iliad;;One;;In stock;;£16.16 
The Hook Up (Game On #1);;Five;;In stock;;£36.29 
The Haters;;Five;;In stock;;£27.89 
The Girl You Lost;;Five;;In stock;;£12.29 
The Girl In The Ice (DCI Erika Foster #1);;Three;;In stock;;£15.85 
The End of the Jesus Era (An Investigation #1);;One;;In stock;;£14.40 
The Edge of Reason (Bridget Jones #2);;Four;;In stock;;£19.18 
The Complete Maus (Maus #1-2);;Three;;In stock;;£10.64 
The Communist Manifesto;;Three;;In stock;;£14.76 
In Her Wake;;One;;In stock;;£12.84 
How Music Works;;Two;;In stock;;£37.32 
Foolproof Preserving: A Guide to Small Batch Jams, Jellies, Pickles, Condiments, and More: A Foolproof Guide to Making Small Batch Jams, Jellies, Pickles, Condiments, and More;;Three;;In stock;;£30.52 
Chase Me (Paris Nights #2);;Five;;In stock;;£25.27 
Black Dust;;Five;;In stock;;£34.53 
Birdsong: A Story in Pictures;;Three;;In stock;;£54.64 
America's Cradle of Quarterbacks: Western Pennsylvania's Football Factory from Johnny Unitas to Joe Montana;;Three;;In stock;;£22.50 
Aladdin and His Wonderful Lamp;;Three;;In stock;;£53.13 
Worlds Elsewhere: Journeys Around Shakespeare’s Globe;;Five;;In stock;;£40.30 
Wall and Piece;;Four;;In stock;;£44.18 
The Four Agreements: A Practical Guide to Personal Freedom;;Five;;In stock;;£17.66 
The Five Love Languages: How to Express Heartfelt Commitment to Your Mate;;Three;;In stock;;£31.05 
The Elephant Tree;;Five;;In stock;;£23.82 
The Bear and the Piano;;One;;In stock;;£36.89 
Sophie's World;;Five;;In stock;;£15.94 
Penny Maybe;;Three;;In stock;;£33.29 
Maude (1883-1993):She Grew Up with the country;;Two;;In stock;;£18.02 
In a Dark, Dark Wood;;One;;In stock;;£19.63 
Behind Closed Doors;;Four;;In stock;;£52.22 
You can't bury them all: Poems;;Two;;In stock;;£33.63 
World Without End (The Pillars of the Earth #2);;Four;;In stock;;£32.97 
Will Grayson, Will Grayson (Will Grayson, Will Grayson);;Four;;In stock;;£47.31 
Why Save the Bankers?: And Other Essays on Our Economic and Political Crisis;;Two;;In stock;;£48.67 
Where She Went (If I Stay #2);;Four;;In stock;;£41.73 
What If?: Serious Scientific Answers to Absurd Hypothetical Questions;;Four;;In stock;;£53.68 
Two Summers;;One;;In stock;;£14.64 
This Is Your Brain on Music: The Science of a Human Obsession;;One;;In stock;;£38.40 
The Secret Garden;;Four;;In stock;;£15.08 
The Raven King (The Raven Cycle #4);;Two;;In stock;;£30.57 
The Raven Boys (The Raven Cycle #1);;Four;;In stock;;£57.74 
The Power Greens Cookbook: 140 Delicious Superfood Recipes;;Five;;In stock;;£11.05 
The Metamorphosis;;One;;In stock;;£28.58 
The Mathews Men: Seven Brothers and the War Against Hitler's U-boats;;Five;;In stock;;£42.91 
The Little Paris Bookshop;;Three;;In stock;;£24.73 
The Hiding Place;;Four;;In stock;;£55.91 
The Grand Design;;Three;;In stock;;£13.76 
The Firm;;Three;;In stock;;£45.56 
The Fault in Our Stars;;One;;In stock;;£47.22 
The False Prince (The Ascendance Trilogy #1);;Five;;In stock;;£56.00 
The Expatriates;;Two;;In stock;;£44.58 
The Barefoot Contessa Cookbook;;Five;;In stock;;£59.92 
Tell the Wolves I'm Home;;Two;;In stock;;£50.96 
Ship Leaves Harbor: Essays on Travel by a Recovering Journeyman;;Three;;In stock;;£30.60 
Pride and Prejudice;;Four;;In stock;;£19.27 
Musicophilia: Tales of Music and the Brain;;One;;In stock;;£46.58 
Mere Christianity;;Three;;In stock;;£48.51 
Me Before You (Me Before You #1);;One;;In stock;;£19.02 
In the Woods (Dublin Murder Squad #1);;Two;;In stock;;£38.38 
In Cold Blood;;Four;;In stock;;£49.98 
How to Stop Worrying and Start Living;;Five;;In stock;;£46.49 
Give It Back;;Two;;In stock;;£18.32 
Girl, Interrupted;;Three;;In stock;;£42.14 
Fun Home: A Family Tragicomic;;Four;;In stock;;£56.59 
Fruits Basket, Vol. 6 (Fruits Basket #6);;Four;;In stock;;£20.96 
Deception Point;;Four;;In stock;;£40.32 
Death Note, Vol. 6: Give-and-Take (Death Note #6);;Three;;In stock;;£36.39 
Catherine the Great: Portrait of a Woman;;Four;;In stock;;£58.55 
Better Homes and Gardens New Cook Book;;Three;;In stock;;£39.61 
An Unquiet Mind: A Memoir of Moods and Madness;;Three;;In stock;;£21.30 
A Year in Provence (Provence #1);;Four;;In stock;;£56.88 
On the Road (Duluoz Legend);;Three;;In stock;;£32.36 
Old Records Never Die: One Man's Quest for His Vinyl and His Past;;Two;;In stock;;£55.66 
Off Sides (Off #1);;Five;;In stock;;£39.45 
Of Mice and Men;;Two;;In stock;;£47.11 
Myriad (Prentor #1);;Four;;In stock;;£58.75 
My Perfect Mistake (Over the Top #1);;Two;;In stock;;£38.92 
Ms. Marvel, Vol. 1: No Normal (Ms. Marvel (2014-2015) #1);;Four;;In stock;;£39.39 
Meditations;;Two;;In stock;;£25.89 
Matilda;;One;;In stock;;£28.34 
Lost Among the Living;;Four;;In stock;;£27.70 
Lord of the Flies;;Three;;In stock;;£24.89 
Listen to Me (Fusion #1);;Three;;In stock;;£58.99 
Kitchens of the Great Midwest;;Five;;In stock;;£57.20 
Jane Eyre;;Five;;In stock;;£38.43 
Imperfect Harmony;;Four;;In stock;;£34.74 
Icing (Aces Hockey #2);;Four;;In stock;;£40.44 
Hawkeye, Vol. 1: My Life as a Weapon (Hawkeye #1);;Three;;In stock;;£45.24 
Having the Barbarian's Baby (Ice Planet Barbarians #7.5);;Four;;In stock;;£34.96 
Giant Days, Vol. 1 (Giant Days #1-4);;Four;;In stock;;£56.76 
Fruits Basket, Vol. 1 (Fruits Basket #1);;Five;;In stock;;£40.28 
Princess Jellyfish 2-in-1 Omnibus, Vol. 01 (Princess Jellyfish 2-in-1 Omnibus #1);;Five;;In stock;;£13.61 
Princess Between Worlds (Wide-Awake Princess #5);;Five;;In stock;;£13.34 
Pop Gun War, Volume 1: Gift;;One;;In stock;;£18.97 
Political Suicide: Missteps, Peccadilloes, Bad Calls, Backroom Hijinx, Sordid Pasts, Rotten Breaks, and Just Plain Dumb Mistakes in the Annals of American Politics;;Two;;In stock;;£36.28 
Patience;;Three;;In stock;;£10.16 
Outcast, Vol. 1: A Darkness Surrounds Him (Outcast #1);;Four;;In stock;;£15.44 
orange: The Complete Collection 1 (orange: The Complete Collection #1);;One;;In stock;;£48.41 
Online Marketing for Busy Authors: A Step-By-Step Guide;;One;;In stock;;£46.35 
On a Midnight Clear;;Three;;In stock;;£14.07 
Obsidian (Lux #1);;Two;;In stock;;£14.86 
My Paris Kitchen: Recipes and Stories;;Two;;In stock;;£33.37 
Masks and Shadows;;Two;;In stock;;£56.40 
Mama Tried: Traditional Italian Cooking for the Screwed, Crude, Vegan, and Tattooed;;Four;;In stock;;£14.02 
Lumberjanes, Vol. 2: Friendship to the Max (Lumberjanes #5-8);;Two;;In stock;;£46.91 
Lumberjanes, Vol. 1: Beware the Kitten Holy (Lumberjanes #1-4);;Three;;In stock;;£45.61 
Lumberjanes Vol. 3: A Terrible Plan (Lumberjanes #9-12);;Two;;In stock;;£19.92 
Layered: Baking, Building, and Styling Spectacular Cakes;;One;;In stock;;£40.11 
Judo: Seven Steps to Black Belt (an Introductory Guide for Beginners);;Two;;In stock;;£53.90 
Join;;Five;;In stock;;£35.67 
In the Country We Love: My Family Divided;;Four;;In stock;;£22.00 
Civilization and Its Discontents;;Two;;In stock;;£59.95 
Cinder (The Lunar Chronicles #1);;One;;In stock;;£26.09 
Catastrophic Happiness: Finding Joy in Childhood's Messy Years;;Two;;In stock;;£37.35 
Career of Evil (Cormoran Strike #3);;Two;;In stock;;£24.72 
Breaking Dawn (Twilight #4);;Five;;In stock;;£35.28 
Brave Enough;;Five;;In stock;;£51.32 
Boy Meets Boy;;Three;;In stock;;£21.12 
Born to Run: A Hidden Tribe, Superathletes, and the Greatest Race the World Has Never Seen;;Two;;In stock;;£27.35 
Blink: The Power of Thinking Without Thinking;;Five;;In stock;;£21.74 
Black Flags: The Rise of ISIS;;One;;In stock;;£40.87 
Black Butler, Vol. 1 (Black Butler #1);;One;;In stock;;£49.31 
Big Little Lies;;One;;In stock;;£22.11 
Between Shades of Gray;;Five;;In stock;;£20.79 
Best of My Love (Fool's Gold #20);;Two;;In stock;;£27.41 
Beowulf;;Two;;In stock;;£38.35 
Beautiful Creatures (Caster Chronicles #1);;Five;;In stock;;£21.55 
Awkward;;Two;;In stock;;£38.02 
Ash;;Four;;In stock;;£22.06 
Are We There Yet?;;Three;;In stock;;£10.66 
Are We Smart Enough to Know How Smart Animals Are?;;One;;In stock;;£56.58 
